drupal-path,sanity-path,node-id,edit-link
get-help/hear-from-others/real-stories/alishas-story,articles/stories/alishas-story,337,https://www.lifeline.org.au/node/337/edit
get-help/hear-from-others/real-stories/amandas-story,articles/stories/amandas-story,349,https://www.lifeline.org.au/node/349/edit
get-help/hear-from-others/real-stories/andrews-story,articles/stories/andrews-story,352,https://www.lifeline.org.au/node/352/edit
get-help/hear-from-others/real-stories/annass-story,articles/stories/annass-story,330,https://www.lifeline.org.au/node/330/edit
get-help/hear-from-others/real-stories/anthonys-story,articles/stories/anthony-story,369,https://www.lifeline.org.au/node/369/edit
get-help/hear-from-others/real-stories/anwyns-story,articles/stories/anwyns-story,355,https://www.lifeline.org.au/node/355/edit
get-help/hear-from-others/real-stories/brendans-story,articles/stories/brendans-story,338,https://www.lifeline.org.au/node/338/edit
get-help/hear-from-others/real-stories/camerons-story,articles/stories/camerons-story,341,https://www.lifeline.org.au/node/341/edit
get-help/hear-from-others/real-stories/chriss-story,articles/stories/chriss-story,361,https://www.lifeline.org.au/node/361/edit
get-help/hear-from-others/real-stories/davinas-story,articles/stories/davinas-story,346,https://www.lifeline.org.au/node/346/edit
get-help/hear-from-others/real-stories/dominics-story,articles/stories/dominics-story,327,https://www.lifeline.org.au/node/327/edit
get-help/hear-from-others/real-stories/frances-story,articles/stories/frances-story,679,https://www.lifeline.org.au/node/679/edit
get-help/hear-from-others/real-stories/gracies-story,articles/stories/gracies-story,366,https://www.lifeline.org.au/node/366/edit
get-help/hear-from-others/real-stories/graemes-story,articles/stories/graemes-story,340,https://www.lifeline.org.au/node/340/edit
get-help/hear-from-others/real-stories/hughs-story,articles/stories/hughs-story,333,https://www.lifeline.org.au/node/333/edit
get-help/hear-from-others/real-stories/ians-story,articles/stories/ians-story,354,https://www.lifeline.org.au/node/354/edit
get-help/hear-from-others/real-stories/imbi-and-dannys-stories,articles/stories/imbi-and-dannys-stories,350,https://www.lifeline.org.au/node/350/edit
get-help/hear-from-others/real-stories/jais-story,articles/stories/jais-story,328,https://www.lifeline.org.au/node/328/edit
get-help/hear-from-others/real-stories/jazs-story,articles/stories/jazs-story,360,https://www.lifeline.org.au/node/360/edit
get-help/hear-from-others/real-stories/jennys-story,articles/stories/jennys-story,334,https://www.lifeline.org.au/node/334/edit
get-help/hear-from-others/real-stories/jmos-story,articles/stories/jmos-story,329,https://www.lifeline.org.au/node/329/edit
get-help/hear-from-others/real-stories/joes-story,articles/stories/joes-story,364,https://www.lifeline.org.au/node/364/edit
get-help/hear-from-others/real-stories/kates-story,articles/stories/kates-story,359,https://www.lifeline.org.au/node/359/edit
get-help/hear-from-others/real-stories/katherine-and-jenifers-stories,articles/stories/katherine-and-jenifers-stories,342,https://www.lifeline.org.au/node/342/edit
get-help/hear-from-others/real-stories/kirans-story,articles/stories/doctor-kierans-story,365,https://www.lifeline.org.au/node/365/edit
get-help/hear-from-others/real-stories/lachies-story,articles/stories/lachies-story,370,https://www.lifeline.org.au/node/370/edit
get-help/hear-from-others/real-stories/lilly-and-lees-stories,articles/stories/lilly-and-lees-stories,343,https://www.lifeline.org.au/node/343/edit
get-help/hear-from-others/real-stories/lindas-story,articles/stories/lindas-story,344,https://www.lifeline.org.au/node/344/edit
get-help/hear-from-others/real-stories/lizzies-story,articles/stories/lizzies-story,358,https://www.lifeline.org.au/node/358/edit
get-help/hear-from-others/real-stories/maddies-story,articles/stories/maddies-story,347,https://www.lifeline.org.au/node/347/edit
get-help/hear-from-others/real-stories/mals-story,articles/stories/mals-story,362,https://www.lifeline.org.au/node/362/edit
get-help/hear-from-others/real-stories/matts-story,articles/stories/matts-story,357,https://www.lifeline.org.au/node/357/edit
get-help/hear-from-others/real-stories/michaels-story,articles/stories/michaels-story,331,https://www.lifeline.org.au/node/331/edit
get-help/hear-from-others/real-stories/monwells-story,articles/stories/monwells-story,348,https://www.lifeline.org.au/node/348/edit
get-help/hear-from-others/real-stories/nathidas-story,articles/stories/nathidas-story,680,https://www.lifeline.org.au/node/680/edit
get-help/hear-from-others/real-stories/nicoles-story,articles/stories/nicoles-story,345,https://www.lifeline.org.au/node/345/edit
get-help/hear-from-others/real-stories/olivers-story,articles/stories/olivers-story,367,https://www.lifeline.org.au/node/367/edit
get-help/hear-from-others/real-stories/rohans-story,articles/stories/a-dads-story,339,https://www.lifeline.org.au/node/339/edit
get-help/hear-from-others/real-stories/sabeenas-story,articles/stories/sabeenas-story,336,https://www.lifeline.org.au/node/336/edit
get-help/hear-from-others/real-stories/saids-story,articles/stories/saids-story,353,https://www.lifeline.org.au/node/353/edit
get-help/hear-from-others/real-stories/sarahs-story,articles/stories/sarahs-story,335,https://www.lifeline.org.au/node/335/edit
get-help/hear-from-others/real-stories/tanyas-story,articles/stories/tanyas-story,363,https://www.lifeline.org.au/node/363/edit
get-help/hear-from-others/real-stories/toms-story,articles/stories/toms-story,356,https://www.lifeline.org.au/node/356/edit
get-help/hear-from-others/real-stories/wess-story,articles/stories/wess-story,368,https://www.lifeline.org.au/node/368/edit
get-help/national-services/13yarn,articles/support/13yarn,451,https://www.lifeline.org.au/node/451/edit
get-help/national-services/1800respect,articles/support/1800respect,447,https://www.lifeline.org.au/node/447/edit
get-help/national-services/betstop,articles/support/betstop,454,https://www.lifeline.org.au/node/454/edit
get-help/national-services/beyond-blue,articles/support/beyond-blue-support-service,473,https://www.lifeline.org.au/node/473/edit
get-help/national-services/blue-knot,articles/support/blue-knot-foundation,458,https://www.lifeline.org.au/node/458/edit
get-help/national-services/butterfly,articles/support/butterfly,433,https://www.lifeline.org.au/node/433/edit
get-help/national-services/carer-gateway,articles/support/carer-gateway,464,https://www.lifeline.org.au/node/464/edit
get-help/national-services/counselling-online-alcohol-drugs,articles/support/online-alcohol--drug-counselling,465,https://www.lifeline.org.au/node/465/edit
get-help/national-services/dont-become-man,articles/support/dont-become-that-man,438,https://www.lifeline.org.au/node/438/edit
get-help/national-services/eating-disorders-families-australia-edfa,articles/support/eating-disorders-families-australia-edfa,432,https://www.lifeline.org.au/node/432/edit
get-help/national-services/efriend,articles/support/efriend,461,https://www.lifeline.org.au/node/461/edit
get-help/national-services/family-drug-support,articles/support/family-drug-support,463,https://www.lifeline.org.au/node/463/edit
get-help/national-services/friendline,articles/support/friends-for-good,472,https://www.lifeline.org.au/node/472/edit
get-help/national-services/full-stop-australia,articles/support/full-stop-australia,444,https://www.lifeline.org.au/node/444/edit
get-help/national-services/gambling-help-online,articles/support/gambling-help-online,434,https://www.lifeline.org.au/node/434/edit
get-help/national-services/gidget-foundation,articles/support/gidget-foundation,440,https://www.lifeline.org.au/node/440/edit
get-help/national-services/griefline,articles/support/griefline,455,https://www.lifeline.org.au/node/455/edit
get-help/national-services/headspace,articles/support/headspace,448,https://www.lifeline.org.au/node/448/edit
get-help/national-services/kids-helpline,articles/support/kids-helpline,468,https://www.lifeline.org.au/node/468/edit
get-help/national-services/lifeline-crisis-support,articles/support/lifeline-crisis-support,469,https://www.lifeline.org.au/node/469/edit
get-help/national-services/lifeline-service-finder,articles/support/lifeline-service-finder,466,https://www.lifeline.org.au/node/466/edit
get-help/national-services/mens-referral-service,articles/support/mens-referral-service,446,https://www.lifeline.org.au/node/446/edit
get-help/national-services/mensline-australia,articles/support/mens-line-australia,471,https://www.lifeline.org.au/node/471/edit
get-help/national-services/mindspot,articles/support/mindspot,441,https://www.lifeline.org.au/node/441/edit
get-help/national-services/mob-strong-debt-help,articles/support/mob-strong-debt-help,459,https://www.lifeline.org.au/node/459/edit
get-help/national-services/national-alcohol-other-drug-hotline,articles/support/national-alcohol-other-drug-hotline,467,https://www.lifeline.org.au/node/467/edit
get-help/national-services/national-debt-helpline,articles/support/national-debt-helpline,460,https://www.lifeline.org.au/node/460/edit
get-help/national-services/nsw-mental-health-line,articles/support/nsw-mental-health-line,443,https://www.lifeline.org.au/node/443/edit
get-help/national-services/open-arms,articles/support/open-arms,431,https://www.lifeline.org.au/node/431/edit
get-help/national-services/panda,articles/support/panda,437,https://www.lifeline.org.au/node/437/edit
get-help/national-services/peer-care-companion-warmline,articles/support/peer-care-companion-warmline,453,https://www.lifeline.org.au/node/453/edit
get-help/national-services/qlife,articles/support/qlife,436,https://www.lifeline.org.au/node/436/edit
get-help/national-services/reachout,articles/support/reachout,452,https://www.lifeline.org.au/node/452/edit
get-help/national-services/relationships-australia,articles/support/relationships-australia,442,https://www.lifeline.org.au/node/442/edit
get-help/national-services/roses-ocean,articles/support/roses-in-the-ocean,435,https://www.lifeline.org.au/node/435/edit
get-help/national-services/sane,articles/support/sane,450,https://www.lifeline.org.au/node/450/edit
get-help/national-services/sanes-guided-recovery,articles/support/sanes-guided-service,450,https://www.lifeline.org.au/node/450/edit
get-help/national-services/service-finder-gp,articles/support/service-finder-gp,457,https://www.lifeline.org.au/node/457/edit
get-help/national-services/smart-recovery-australia,articles/support/smart-recovery-australia,462,https://www.lifeline.org.au/node/462/edit
get-help/national-services/standby,articles/support/standby-support-after-suicide,445,https://www.lifeline.org.au/node/445/edit
get-help/national-services/suicide-call-back-service,articles/support/suicide-call-back-service,456,https://www.lifeline.org.au/node/456/edit
get-help/national-services/thirrili,articles/support/thirrili,429,https://www.lifeline.org.au/node/429/edit
get-help/national-services/tiacs,articles/support/tiacs,430,https://www.lifeline.org.au/node/430/edit
get-help/national-services/tresillian,articles/support/tresillian,439,https://www.lifeline.org.au/node/439/edit
get-help/national-services/wayahead-anxiety-support-groups,articles/support/wayahead-anxiety-support-groups,470,https://www.lifeline.org.au/node/470/edit
get-help/support-toolkit,https://toolkit.lifeline.org.au,149,https://www.lifeline.org.au/node/149/edit
get-help/support-toolkit/techniques-and-guides/2024-bondi-junction-attack-wellbeing-support-guide,articles/general/2024-bondi-junction-attack-wellbeing-support-guide,483,https://www.lifeline.org.au/node/483/edit
get-help/support-toolkit/techniques-and-guides/a-cbt-based-thought-challenging-activity,articles/techniques/a-cbt-based-thought-challenging-activity,383,https://www.lifeline.org.au/node/383/edit
get-help/support-toolkit/techniques-and-guides/acceptance-and-commitment-therapy-act,articles/techniques/acceptance-and-commitment-therapy-act,380,https://www.lifeline.org.au/node/380/edit
get-help/support-toolkit/techniques-and-guides/an-introduction-to-meditation,articles/techniques/an-introduction-to-meditation,387,https://www.lifeline.org.au/node/387/edit
get-help/support-toolkit/techniques-and-guides/building-social-connections,articles/techniques/building-social-connections,386,https://www.lifeline.org.au/node/386/edit
get-help/support-toolkit/techniques-and-guides/cognitive-behavioural-therapy-cbt,articles/techniques/cognitive-behavioural-therapy,388,https://www.lifeline.org.au/node/388/edit
get-help/support-toolkit/techniques-and-guides/contacting-lifeline,articles/general/contacting-lifeline,490,https://www.lifeline.org.au/node/490/edit
get-help/support-toolkit/techniques-and-guides/creating-a-self-care-box,articles/techniques/creating-a-self-care-box,379,https://www.lifeline.org.au/node/379/edit
get-help/support-toolkit/techniques-and-guides/eye-movement-desensitization-and-reprocessing-edmr,articles/techniques/emdr,378,https://www.lifeline.org.au/node/378/edit
get-help/support-toolkit/techniques-and-guides/finding-relief-through-grounding-techniques,articles/techniques/finding-relief-through-grounding-techniques,375,https://www.lifeline.org.au/node/375/edit
get-help/support-toolkit/techniques-and-guides/finding-the-right-therapist,articles/general/finding-the-right-therapist,489,https://www.lifeline.org.au/node/489/edit
get-help/support-toolkit/techniques-and-guides/getting-active-for-your-wellbeing-a-practical-guide,articles/techniques/getting-active-for-your-wellbeing,371,https://www.lifeline.org.au/node/371/edit
get-help/support-toolkit/techniques-and-guides/getting-started-with-mindfulness,articles/techniques/getting-started-with-mindfulness,385,https://www.lifeline.org.au/node/385/edit
get-help/support-toolkit/techniques-and-guides/getting-the-most-out-of-your-therapy,articles/general/how-to-get-the-most-out-of-your-therapy,487,https://www.lifeline.org.au/node/487/edit
get-help/support-toolkit/techniques-and-guides/help-with-homelessness-resources-for-wellbeing,articles/general/help-with-homelessness-resources-for-wellbeing-safety-and-stability,477,https://www.lifeline.org.au/node/477/edit
get-help/support-toolkit/techniques-and-guides/how-our-devices-fuel-loneliness,articles/general/how-our-devices-fuel-loneliness,486,https://www.lifeline.org.au/node/486/edit
get-help/support-toolkit/techniques-and-guides/how-to-do-a-digital-detox,articles/techniques/how-to-do-a-digital-detox,382,https://www.lifeline.org.au/node/382/edit
get-help/support-toolkit/techniques-and-guides/how-to-make-a-trigger-management-plan,articles/techniques/how-to-make-a-trigger-management-plan,372,https://www.lifeline.org.au/node/372/edit
get-help/support-toolkit/techniques-and-guides/how-to-talk-to-a-child-or-young-person-youre,articles/general/how-to-talk-to-a-child-or-young-person-youre-concerned-about,478,https://www.lifeline.org.au/node/478/edit
get-help/support-toolkit/techniques-and-guides/how-to-talk-to-someone-about-their-mental-health,articles/general/how-to-talk-to-someone-about-their-mental-health,479,https://www.lifeline.org.au/node/479/edit
get-help/support-toolkit/techniques-and-guides/journaling-your-thoughts-and-feelings,articles/techniques/journaling-your-thoughts-and-feelings,384,https://www.lifeline.org.au/node/384/edit
get-help/support-toolkit/techniques-and-guides/managing-intrusive-thoughts,articles/techniques/managing-intrusive-thoughts,381,https://www.lifeline.org.au/node/381/edit
get-help/support-toolkit/techniques-and-guides/medication-addiction-a-guide-for-carers,articles/general/medication-addiction-a-guide-for-carers,485,https://www.lifeline.org.au/node/485/edit
get-help/support-toolkit/techniques-and-guides/mental-wellness-during-the-holiday-season,articles/general/mental-wellness-during-the-holiday-season,484,https://www.lifeline.org.au/node/484/edit
get-help/support-toolkit/techniques-and-guides/progressive-muscle-relaxation-stress-and-anxiety,articles/techniques/progressive-muscle-relaxation-a-simple-technique-for-stress-and-anxiety-relief,373,https://www.lifeline.org.au/node/373/edit
get-help/support-toolkit/techniques-and-guides/reaching-out-to-lifeline-what-to-expect-and-how-to,articles/general/reaching-out-to-lifeline-what-to-expect-and-how-to-feel-more-prepared,476,https://www.lifeline.org.au/node/476/edit
get-help/support-toolkit/techniques-and-guides/self-care-for-mental-health-and-wellbeing,articles/techniques/self-care-for-mental-health-and-wellbeing,377,https://www.lifeline.org.au/node/377/edit
get-help/support-toolkit/techniques-and-guides/self-esteem-and-mental-health,articles/techniques/self-esteem-and-mental-health,376,https://www.lifeline.org.au/node/376/edit
get-help/support-toolkit/techniques-and-guides/sleep-and-mental-health,articles/techniques/sleep-and-mental-health,374,https://www.lifeline.org.au/node/374/edit
get-help/support-toolkit/techniques-and-guides/strong-foundations-a-wellbeing-guide-for-tradies,articles/general/strong-foundations-a-wellbeing-guide-for-tradies,474,https://www.lifeline.org.au/node/474/edit
get-help/support-toolkit/techniques-and-guides/supporting-someone-with-a-mental-health-condition-a,articles/general/supporting-someone-with-a-mental-health-condition-a-wellbeing-guide-for-carers,475,https://www.lifeline.org.au/node/475/edit
get-help/support-toolkit/techniques-and-guides/talk-to-someone-you-trust,articles/techniques/talk-to-someone-you-trust,389,https://www.lifeline.org.au/node/389/edit
get-help/support-toolkit/techniques-and-guides/touched-by-suicide-wellbeing-support-guide,articles/general/touched-by-suicide-wellbeing-support-guide,482,https://www.lifeline.org.au/node/482/edit
get-help/support-toolkit/techniques-and-guides/understanding-and-managing-addiction,articles/general/understanding-and-managing-addiction,480,https://www.lifeline.org.au/node/480/edit
get-help/support-toolkit/techniques-and-guides/understanding-and-managing-anger,articles/general/understanding-and-managing-anger,481,https://www.lifeline.org.au/node/481/edit
get-help/support-toolkit/techniques-and-guides/what-is-a-mental-health-treatment-plan,articles/general/what-is-a-mental-health-treatment-plan,491,https://www.lifeline.org.au/node/491/edit
get-help/support-toolkit/techniques-and-guides/what-to-expect-in-your-first-therapy-session,articles/general/what-to-expect-in-your-first-therapy-session,488,https://www.lifeline.org.au/node/488/edit
get-help/support-toolkit/tools-and-apps/13yarn-strong-minds-strong-mob-podcast,articles/resources/13yarn-strong-minds-strong-mob-podcast,390,https://www.lifeline.org.au/node/390/edit
get-help/support-toolkit/tools-and-apps/alcohol-drug-counselling-online-community-forums,articles/resources/alcohol-drug-counselling-online-community-forums,396,https://www.lifeline.org.au/node/396/edit
get-help/support-toolkit/tools-and-apps/anxiety-worry-program,articles/resources/anxiety-worry-program,412,https://www.lifeline.org.au/node/412/edit
get-help/support-toolkit/tools-and-apps/better-man,articles/resources/better-man,405,https://www.lifeline.org.au/node/405/edit
get-help/support-toolkit/tools-and-apps/beyond-now-safety-planning,articles/resources/beyond-now-safety-planning,424,https://www.lifeline.org.au/node/424/edit
get-help/support-toolkit/tools-and-apps/black-dog-institutes-online-clinic,articles/resources/black-dog-institutes-online-clinic,415,https://www.lifeline.org.au/node/415/edit
get-help/support-toolkit/tools-and-apps/body-keeps-score,articles/resources/the-body-keeps-the-score,416,https://www.lifeline.org.au/node/416/edit
get-help/support-toolkit/tools-and-apps/body-pride-resource-hub,articles/resources/body-pride-resource-hub,392,https://www.lifeline.org.au/node/392/edit
get-help/support-toolkit/tools-and-apps/brave-program,articles/resources/the-brave-program,397,https://www.lifeline.org.au/node/397/edit
get-help/support-toolkit/tools-and-apps/calm,articles/resources/calm,418,https://www.lifeline.org.au/node/418/edit
get-help/support-toolkit/tools-and-apps/calm-harm,articles/resources/calm-harm,417,https://www.lifeline.org.au/node/417/edit
get-help/support-toolkit/tools-and-apps/carer-skills-online-program,articles/resources/carer-skills-online-program,394,https://www.lifeline.org.au/node/394/edit
get-help/support-toolkit/tools-and-apps/daybreak,articles/resources/daybreak,419,https://www.lifeline.org.au/node/419/edit
get-help/support-toolkit/tools-and-apps/depression-anxiety-program,articles/resources/depression-anxiety-program,410,https://www.lifeline.org.au/node/410/edit
get-help/support-toolkit/tools-and-apps/depression-program,articles/resources/depression-program,413,https://www.lifeline.org.au/node/413/edit
get-help/support-toolkit/tools-and-apps/e-couch,articles/resources/ecouch,427,https://www.lifeline.org.au/node/427/edit
get-help/support-toolkit/tools-and-apps/family-drug-support-online,articles/resources/family-drug-support-online,398,https://www.lifeline.org.au/node/398/edit
get-help/support-toolkit/tools-and-apps/get-prepared,articles/resources/get-prepared,406,https://www.lifeline.org.au/node/406/edit
get-help/support-toolkit/tools-and-apps/griefline-online-forums,articles/resources/griefline-online-forums,401,https://www.lifeline.org.au/node/401/edit
get-help/support-toolkit/tools-and-apps/i-am-sober,articles/resources/i-am-sober,423,https://www.lifeline.org.au/node/423/edit
get-help/support-toolkit/tools-and-apps/insideout-digital-therapies,articles/resources/insideout-digital-therapies,395,https://www.lifeline.org.au/node/395/edit
get-help/support-toolkit/tools-and-apps/insomnia-program,articles/resources/insomnia-program,404,https://www.lifeline.org.au/node/404/edit
get-help/support-toolkit/tools-and-apps/lifeline-forums,articles/resources/lifeline-forums,400,https://www.lifeline.org.au/node/400/edit
get-help/support-toolkit/tools-and-apps/managing-panic-program,articles/resources/managing-panic-program,408,https://www.lifeline.org.au/node/408/edit
get-help/support-toolkit/tools-and-apps/meetup,articles/resources/meetup,421,https://www.lifeline.org.au/node/421/edit
get-help/support-toolkit/tools-and-apps/moodgym,articles/resources/moodgym,428,https://www.lifeline.org.au/node/428/edit
get-help/support-toolkit/tools-and-apps/moodmission,articles/resources/moodmission,426,https://www.lifeline.org.au/node/426/edit
get-help/support-toolkit/tools-and-apps/mycompass,articles/resources/mycompass,414,https://www.lifeline.org.au/node/414/edit
get-help/support-toolkit/tools-and-apps/ocd-program,articles/resources/ocd-program,407,https://www.lifeline.org.au/node/407/edit
get-help/support-toolkit/tools-and-apps/ourherd,articles/resources/our-herd,420,https://www.lifeline.org.au/node/420/edit
get-help/support-toolkit/tools-and-apps/pave,articles/resources/pave,391,https://www.lifeline.org.au/node/391/edit
get-help/support-toolkit/tools-and-apps/ptsd-program,articles/resources/ptsd-program,411,https://www.lifeline.org.au/node/411/edit
get-help/support-toolkit/tools-and-apps/rain-rain-sleep-sounds,articles/resources/rain-rain-sleep-sounds,402,https://www.lifeline.org.au/node/402/edit
get-help/support-toolkit/tools-and-apps/recovery-record-ed-management,articles/resources/recovery-record-ed-management,393,https://www.lifeline.org.au/node/393/edit
get-help/support-toolkit/tools-and-apps/smart-recovery-app,articles/resources/smart-recovery-app,399,https://www.lifeline.org.au/node/399/edit
get-help/support-toolkit/tools-and-apps/smiling-mind,articles/resources/smiling-mind,425,https://www.lifeline.org.au/node/425/edit
get-help/support-toolkit/tools-and-apps/social-anxiety-program,articles/resources/social-anxiety-program,409,https://www.lifeline.org.au/node/409/edit
get-help/support-toolkit/tools-and-apps/way,articles/resources/this-way-up,422,https://www.lifeline.org.au/node/422/edit
get-help/support-toolkit/tools-and-apps/wellbeing-course,articles/resources/the-wellbeing-course,403,https://www.lifeline.org.au/node/403/edit
